+  , [1]
++  , [1]
0  , [1, 4, 10, 111, 112, 114, 116, 118, 120, 126, 128, 129, 130, 133, 135, 137, 140, 142, 144]
000  , [4, 120, 126, 144]
1  , [1, 4, 5, 6, 9, 10, 11, 13, 14, 17, 18, 25, 81, 83, 84, 86, 87, 89, 91, 95, 97, 100, 109, 111, 112, 114, 115, 116, 117, 118, 120, 126, 128, 130, 132, 133, 135, 137, 138, 140, 142, 144, 147, 149, 151, 153, 160, 162, 164, 166, 168, 171, 204, 206, 209, 211, 215, 217, 241, 242, 244, 246, 248, 250, 256, 257, 258, 261, 263, 265, 266, 269, 270, 271, 273, 275, 278, 280, 282, 283, 285, 287, 289]
10  , [1, 4, 10, 25, 81, 120, 126, 135, 137, 142, 144, 147, 149, 151, 153, 168, 204, 211, 250, 271, 280, 282, 287, 289]
100  , [4, 10, 120, 144]
11  , [1, 4, 81, 87, 120, 126, 128, 137, 142, 144, 153, 160, 162, 204, 250, 271, 273, 282, 287, 289]
12  , [1, 4, 111, 112, 114, 116, 118, 120, 126, 130, 133, 137, 142, 144]
13  , [1, 111, 112, 114, 116, 118, 120, 126, 130, 133, 135, 137, 142, 144]
14  , [1, 126, 128, 137, 142]
14882  , [1]
15  , [1, 126, 137, 142]
16  , [4, 10, 120, 126, 137, 142, 144]
17  , [1, 4, 111, 114, 118, 120, 133, 138, 142, 144]
18  , [1, 4, 120, 126, 142, 144]
19  , [1, 4, 111, 112, 114, 116, 118, 120, 126, 128, 130, 133, 140, 142, 144]
1977  , [4, 120, 144]
1978  , [4, 114, 120, 144]
1979  , [1, 4, 120, 126, 144]
1980s  , [4, 114, 120, 126, 140, 144]
1982  , [1, 4, 120, 144, 250, 289]
1983  , [1, 120, 144, 250, 289]
1984  , [1]
1985  , [1, 4, 120, 144]
1989  , [1, 126]
1990  , [1, 120, 142, 162, 287]
1991  , [1, 4, 120, 126, 144, 250, 271, 289]
1992  , [1]
1998  , [1]
2  , [1, 4, 10, 111, 112, 114, 116, 118, 120, 126, 128, 129, 130, 133, 135, 137, 142, 144]
20  , [1, 4, 6, 10, 14, 19, 25, 81, 84, 86, 87, 89, 109, 111, 112, 114, 115, 116, 117, 118, 120, 126, 128, 129, 130, 132, 133, 135, 137, 142, 144, 162, 168, 204, 211, 241, 242, 244, 246, 248, 250, 258, 266, 271, 273, 274, 275, 278, 280, 282, 287, 289]
2003  , [1]
2011  , [1, 128]
2012  , [1, 111, 112, 114, 116, 118, 130, 133]
2014  , [1, 128]
2018  , [1, 126]
2020  , [1, 126]
2022  , [1, 126, 135]
21  , [1, 111, 114, 118, 120, 126, 133, 144]
22  , [1, 120, 126, 135, 142, 144]
23  , [1, 4, 120, 144]
24  , [1, 120, 126, 128, 144]
25  , [1, 4, 120, 144]
26  , [1, 120, 144]
27  , [1, 120, 144]
28  , [1, 4, 120, 144]
29  , [1, 4, 111, 114, 118, 120, 133, 144]
295  , [4, 120, 144]
3  , [1, 4, 111, 112, 114, 116, 118, 120, 126, 128, 130, 133, 135, 137, 142, 144]
30  , [4, 120, 142, 144]
31  , [4, 111, 114, 118, 120, 133, 144]
35  , [4, 89, 120, 126, 144, 171, 250, 271, 289]
4  , [1, 4, 10, 111, 112, 114, 116, 118, 120, 126, 128, 130, 133, 135, 137, 142, 144]
40  , [4, 10, 120, 142, 144]
48  , [1, 5, 11, 95, 111, 126, 209, 257, 263, 271]
4k  , [4, 120, 144, 250, 289]
5  , [1, 4, 5, 10, 11, 13, 14, 15, 17, 18, 81, 86, 87, 89, 95, 97, 100, 102, 104, 109, 111, 114, 115, 118, 120, 124, 126, 129, 130, 132, 133, 137, 142, 144, 151, 160, 164, 166, 168, 171, 206, 209, 211, 215, 217, 241, 244, 248, 250, 256, 257, 262, 263, 265, 266, 267, 269, 270, 271, 274, 278, 282, 287, 289]
6  , [1, 4, 10, 111, 114, 118, 120, 126, 128, 129, 133, 135, 137, 142, 144]
68  , [1, 4, 111, 114, 118, 120, 126, 133, 142, 144]
7  , [1, 4, 111, 114, 118, 120, 126, 128, 129, 130, 133, 135, 138, 140, 142, 144]
79  , [1, 4, 120, 126, 144]
8  , [1, 4, 10, 111, 112, 114, 116, 118, 120, 126, 128, 130, 133, 135, 140, 142, 144]
80  , [4, 10, 114, 120, 126, 140, 142, 144]
82  , [1, 4, 120, 126, 144, 250, 271, 289]
83  , [1, 120, 126, 144]
84  , [1, 126]
85  , [1, 4, 120, 126, 144]
88  , [1, 4, 120, 126, 144]
89  , [1, 4, 120, 126, 144]
9  , [1, 4, 111, 112, 114, 116, 118, 120, 126, 128, 130, 133, 135, 137, 140, 142, 144]
90  , [1, 126, 142]
91  , [1, 4, 120, 126, 144]
92  , [1, 126]
98  , [1, 4, 114, 120, 126, 140, 144]
abstract  , [1]
ac  , [1, 4, 5, 6, 10, 11, 14, 15, 19, 25, 79, 81, 83, 84, 86, 87, 89, 91, 95, 97, 104, 109, 111, 114, 115, 117, 120, 122, 124, 126, 128, 129, 130, 132, 135, 137, 142, 144, 147, 149, 151, 153, 160, 162, 164, 166, 168, 171, 204, 206, 208, 209, 211, 217, 244, 250, 256, 257, 258, 262, 263, 266, 267, 271, 273, 274, 280, 282, 287, 289]
accords  , [1, 126, 128, 129, 271, 273, 274]
acquiring  , [1, 126, 271]
act  , [1, 4, 5, 10, 11, 14, 15, 19, 25, 79, 81, 83, 84, 111, 115, 122, 126, 128, 129, 130, 132, 149, 153, 160, 164, 208, 209, 217, 250, 257, 262, 263, 266, 267, 271, 280, 287, 289]
actual  , [1]
add  , [1, 4, 19, 79, 81, 100, 114, 115, 120, 126, 137, 142, 144, 147, 160, 164, 206, 250, 271, 282, 287, 289]
added  , [1, 100]
adding  , [1, 126, 142, 271, 287]
addition  , [1, 4, 81, 114, 115, 120, 126, 144, 147, 160, 206, 250, 271, 289]
additional  , [4, 81, 115, 120, 126, 144, 250, 271, 289]
additions  , [1, 114]
age  , [1, 4, 13, 15, 25, 79, 86, 87, 89, 95, 100, 162, 168, 209, 250, 265, 267, 271, 274, 275, 280, 287, 289]
algol  , [1]
allocation  , [1]
allowed  , [1, 4, 10, 18, 25, 120, 126, 129, 144, 250, 270, 271, 274, 289]
allowing  , [1, 4, 10, 25, 114, 120, 126, 144, 244, 250, 271, 289]
alongside  , [1]
alpha , [1, 2]
amended  , [1]
analyzing  , [1]
annotated  , [1]
announced  , [1, 4, 120, 126, 144, 250, 271, 289]
app  , [1, 4, 5, 10, 19, 79, 89, 91, 104, 109, 111, 114, 118, 120, 126, 133, 135, 138, 142, 144, 171, 217, 241, 244, 248, 250, 257, 262, 271, 278, 280, 283, 287, 289]
apple  , [4, 120, 142, 144, 250, 287, 289]
application  , [1, 4, 19, 120, 126, 142, 144, 250, 271, 287, 289]
applications  , [1, 4, 19, 120, 126, 142, 144, 250, 271, 287, 289]
approved  , [1]
april  , [4, 120, 128, 144, 250, 273, 289]
arab  , [1, 4, 120, 126, 144, 250, 256, 271, 289]
argumentin  , [1]
arrived  , [4, 5, 120, 144, 250, 257, 289]
assemble  , [4, 19, 120, 144, 250, 289]
assembled  , [4, 19, 120, 144, 250, 289]
assembly  , [1, 14, 111, 114, 118, 126, 133, 241, 244, 248, 266, 271, 278]
august  , [4, 13, 120, 144, 250, 265, 289]
available  , [1, 4, 10, 25, 114, 120, 126, 130, 142, 144, 244, 250, 271, 287, 289]
b  , [1, 4, 5, 6, 9, 10, 11, 13, 14, 15, 17, 18, 19, 25, 75, 79, 81, 83, 84, 86, 87, 89, 91, 94, 95, 97, 100, 102, 104, 109, 111, 112, 114, 115, 116, 117, 118, 120, 122, 124, 126, 128, 129, 130, 132, 133, 135, 137, 139, 140, 142, 144, 147, 149, 151, 153, 155, 156, 160, 162, 164, 166, 168, 171, 204, 206, 209, 211, 215, 217, 241, 242, 244, 246, 248, 250, 256, 257, 258, 261, 262, 263, 265, 266, 267, 269, 270, 271, 273, 274, 275, 278, 280, 282, 284, 285, 287, 289]
back  , [4, 19, 79, 109, 120, 126, 132, 144, 147, 149, 151, 160, 162, 250, 271, 289]
bad , [1, 5]
bag , [2, 5]
bar  , [1, 111, 114, 118, 126, 133, 142, 217, 241, 244, 248, 271, 278, 287]
basis  , [1, 126, 142, 271, 287]
bcpl  , [1, 100]
began  , [1, 5, 14, 89, 126, 257, 266, 271]
bell  , [1, 142, 287]
beneath  , [1, 4]
big , [2, 8, 10, 20, 25]
bit  , [4, 102, 120, 124, 144, 153, 160, 250, 289]
bjarne  , [1]
blocky  , [4, 120, 144, 250, 289]
board  , [4, 10, 19, 25, 114, 120, 126, 142, 144, 244, 250, 271, 287, 289]
boolean  , [1]
built  , [1, 142, 287]
c++  , [1, 100]
c++03  , [1]
c++11  , [1]
c++14  , [1]
c++17  , [1]
c++20  , [1]
c++23  , [1]
c++98  , [1]
card  , [4, 19, 120, 126, 144, 250, 271, 289]
casts  , [1]
cfront  , [1]
change , [2, 5]
change  , [1, 4, 75, 79, 81, 83, 86, 91, 94, 102, 104, 124, 126, 130, 132, 151, 153, 156, 160, 164, 170, 171, 206, 209, 211, 214, 215, 217, 244]
changes  , [1, 79, 86, 91, 102, 126, 130, 132, 151, 153, 160, 171, 206, 209, 215]
characters  , [4, 120, 144, 250, 289]
charles  , [1]
chassis  , [4, 120, 144, 250, 289]
check  , [1, 126]
checking  , [1]
cheek  , [1]
chosen  , [1]
clame , [4, 5, 9]
class  , [1, 10, 25, 120, 126, 144, 250, 271, 289]
classes  , [1]
clear , [1, 55]
clu  , [1, 4, 10, 18, 19, 25, 79, 81, 83, 97, 100, 102, 111, 114, 115, 118, 120, 126, 133, 142, 144, 160, 209, 211, 241, 244, 248, 250, 270, 271, 278, 287, 289]
color  , [4, 120, 144, 250, 289]
combining  , [1]
comments  , [1]
commerce  , [1]
commercial  , [1, 4, 114, 120, 142, 144, 244, 250, 287, 289]
commodore  , [4, 10, 19, 25, 120, 144, 250, 289]
common  , [1, 4, 79, 81, 86, 114, 126, 135, 142, 244, 256, 271, 280, 287]
company  , [4, 120, 135, 144, 250, 280, 289]
compatible  , [1, 10, 25, 120, 126, 139, 144, 250, 271, 284, 289]
compiled  , [1]
compiler  , [1, 100, 126, 271]
compilers  , [1]
computer  , [1, 4, 10, 19, 25, 114, 120, 126, 130, 135, 139, 140, 142, 144, 244, 250, 271, 275, 280, 284, 285, 287, 289]
computers  , [4, 10, 19, 25, 114, 120, 126, 130, 135, 140, 142, 144, 244, 250, 271, 275, 280, 285, 287, 289]
computing  , [1, 4, 19, 120, 142, 144, 250, 287, 289]
concept  , [1, 120, 139, 144, 250, 284, 289]
conceptualizing  , [1]
const  , [1, 6, 14, 100, 258, 266]
constants  , [1]
constrained  , [1]
contained  , [4, 120, 124, 144, 250, 289]
context  , [1, 126, 142, 271, 287]
contexts  , [1, 142, 287]
control  , [1, 126, 128, 129, 271, 273, 274]
convention  , [1]
copy , [5, 8]
corporation  , [4, 120, 144, 250, 289]
cost  , [4, 19, 120, 126, 140, 142, 144, 250, 271, 285, 287, 289]
cpre  , [1]
cpu  , [4, 120, 126, 142, 144, 250, 271, 287, 289]
create  , [1, 120, 124, 126, 135, 144, 250, 271, 280, 289]
created  , [1, 120, 144, 250, 289]
creating  , [1]
credited  , [1]
crime , [1, 5, 8, 9]
critical  , [1, 126, 271]
current  , [1, 79, 81, 89, 126, 132, 142, 168, 209, 211, 271, 287]
cut , [3, 5]
dana , [1, 2]
danish  , [1]
data  , [1, 87, 126, 137, 142, 271, 282, 287]
databases  , [1]
dated  , [1, 142, 287]
david  , [1, 126, 256, 271]
december  , [1, 111, 114, 118, 126, 133, 241, 244, 248, 271, 278]
declare  , [1, 111, 114, 118, 126, 133, 241, 244, 248, 256, 271, 278]
declared  , [1, 111, 114, 118, 126, 133, 241, 244, 248, 256, 271, 278]
def  , [1, 115, 117, 124, 126, 271]
default  , [1]
defined  , [1, 126, 271]
definitive  , [1]
delete  , [1]
demonstrate , [4, 5, 8]
derived  , [1]
design  , [1, 4, 19, 111, 114, 118, 120, 126, 133, 142, 144, 241, 244, 248, 250, 271, 278, 287, 289]
designed  , [1, 4, 19, 120, 126, 144, 250, 271, 289]
desk  , [1, 4, 10, 19, 25, 120, 126, 144, 250, 271, 289]
desktop  , [1, 4, 10, 19, 25, 120, 126, 144, 250, 271, 289]
detail  , [4, 120, 144, 250, 289]
develop  , [1, 4, 10, 14, 18, 25, 100, 120, 126, 142, 144, 250, 262, 266, 270, 271, 287, 289]
developed  , [1, 4, 10, 100, 120, 142, 144, 250, 262, 287, 289]
developing  , [1]
development  , [1, 4, 10, 18, 25, 120, 142, 144, 250, 270, 287, 289]
discontinued  , [4, 120, 126, 144, 250, 271, 289]
display  , [4, 10, 19, 25, 120, 126, 142, 144, 250, 271, 287, 289]
distributed  , [1, 142, 287]
doug  , [1, 142]
draft  , [1, 4]
draper  , [1]
drive  , [1, 4, 10, 25, 97, 104, 120, 126, 142, 144, 215, 250, 271, 287, 289]
driven  , [1, 215]
drone , [5, 8, 9]
dude , [4, 8]
due  , [4, 81, 120, 126, 144, 168, 211, 217, 250, 271, 289]
early  , [4, 15, 86, 114, 120, 130, 142, 144, 244, 250, 267, 287, 289]
edited  , [1, 4, 120, 126, 144, 250, 271, 289]
edition  , [1, 100]
efficiency  , [1]
efficient  , [1, 122]
elips , [5, 8]
embarcadero  , [1]
embedded  , [1]
endanger , [1, 5]
ended  , [1, 4, 10, 19, 25, 120, 126, 140, 142, 144, 153, 215, 250, 271, 285, 287, 289]
engineering  , [1, 4, 142, 287]
english , [8, 10]
enhance  , [1, 217]
enhanced  , [1, 217]
enlarged  , [1]
enlarging  , [1]
environment  , [1, 81, 171]
envisioned  , [1, 129, 274]
establish  , [1, 4, 5, 6, 10, 13, 14, 120, 126, 128, 129, 144, 250, 256, 257, 258, 262, 265, 266, 271, 273, 274, 289]
establishment  , [1, 126, 256, 271]
etymology  , [1]
evolution  , [1, 4, 5, 109, 111, 120, 142, 144, 250, 257, 287, 289]
evolutionary  , [1, 4, 120, 144, 250, 289]
evolved  , [1]
exception  , [1, 126, 129, 271, 274]
exceptions  , [1, 126, 271]
executables  , [1]
exist  , [1, 126, 128, 271, 273]
existing  , [1, 126, 271]
expanded  , [1]
experience  , [1, 102, 120, 126, 144, 250, 271, 289]
explicit  , [1, 126, 271]
explicitly  , [1, 126, 271]
extension  , [1, 126, 271]
f  , [1, 4, 5, 6, 9, 10, 11, 13, 14, 15, 17, 18, 19, 25, 75, 79, 81, 83, 84, 86, 87, 89, 91, 95, 97, 100, 102, 104, 109, 111, 114, 115, 117, 120, 122, 124, 126, 129, 130, 132, 147, 149, 151, 153, 155, 156, 160, 162, 164, 168, 170, 171, 204, 206, 209, 211, 213, 215, 217, 241, 242, 244, 246, 248, 250, 256, 257, 258, 261, 262, 263, 265, 266, 267, 269, 270, 271, 273, 274, 275, 278, 280, 282, 284, 285, 287, 289]
facilities  , [1, 83]
fast  , [1, 95, 97, 217]
fe  , [1, 4, 5, 13, 15, 19, 79, 81, 84, 86, 89, 95, 100, 104, 109, 114, 115, 120, 122, 126, 130, 132, 147, 149, 151, 160, 162, 164, 170, 171, 211, 213, 215, 217, 241, 244, 248, 250, 256, 257, 265, 267, 271, 278, 280, 282, 285, 287, 289]
feature  , [1, 4, 100, 120, 126, 142, 144, 250, 271, 287, 289]
features  , [1, 100, 126, 142, 271, 287]
february  , [1, 4, 19, 126, 271]
fill , [1, 55]
final  , [1, 126, 271]
finalized  , [1]
flexibility  , [1]
flexible  , [1]
focusing  , [4, 120, 144, 250, 289]
follow  , [1, 4, 111, 114, 118, 120, 126, 129, 133, 135, 144, 241, 244, 248, 250, 271, 274, 278, 280, 289]
forget , [1, 55]
form  , [1, 4, 10, 19, 25, 89, 111, 114, 118, 120, 126, 128, 129, 130, 133, 135, 142, 144, 156, 164, 170, 241, 244, 248, 250, 271, 273, 274, 275, 278, 280, 287, 289]
forward  , [1, 126]
fostering  , [1]
found  , [1, 4, 5, 14, 18, 120, 126, 135, 144, 250, 257, 266, 270, 271, 280, 289]
foundation  , [1, 4, 120, 126, 144, 250, 271, 289]
fourth  , [1, 4, 256]
free  , [1, 4, 14, 17, 100, 120, 126, 142, 144, 206, 250, 266, 269, 271, 287, 289]
front  , [1, 126, 142]
ft  , [1, 4, 6, 10, 13, 14, 15, 19, 25, 86, 97, 100, 114, 117, 124, 168, 211, 244, 250, 258, 262, 265, 266, 267, 271, 273, 280, 282, 284, 287, 289]
full , [55, 80]
full  , [1, 4, 86, 120, 126, 129, 144, 250, 271, 274, 289]
fully  , [1, 4, 120, 126, 144, 250, 271, 289]
fun , [1, 55]
fun  , [1, 4, 14, 19, 100, 109, 111, 114, 118, 120, 126, 128, 133, 144, 241, 244, 248, 250, 266, 271, 273, 278, 289]
function  , [1, 4, 19, 100, 109, 111, 114, 118, 120, 126, 128, 133, 144, 241, 244, 248, 250, 271, 273, 278, 289]
functional  , [1, 4, 19, 126, 271]
functions  , [1, 4, 19, 100, 111, 114, 118, 126, 128, 133, 241, 244, 248, 271, 273, 278]
future  , [1, 81, 124, 153, 155, 160, 164, 209, 215]
g  , [1, 4, 5, 6, 9, 10, 11, 13, 14, 15, 17, 18, 19, 25, 75, 79, 81, 83, 84, 86, 87, 89, 91, 93, 94, 95, 97, 100, 102, 104, 109, 111, 112, 114, 115, 116, 117, 118, 120, 122, 124, 126, 128, 129, 130, 132, 133, 135, 137, 139, 140, 142, 144, 147, 149, 151, 153, 155, 156, 160, 162, 164, 166, 168, 170, 171, 204, 206, 208, 209, 211, 214, 215, 217, 241, 242, 244, 246, 248, 250, 256, 257, 258, 261, 262, 263, 265, 266, 267, 269, 270, 271, 273, 274, 275, 278, 280, 282, 284, 285, 287, 289]
game  , [1, 4, 19, 120, 144, 250, 289]
games  , [1, 4, 19, 120, 144, 250, 289]
general  , [1, 4, 19, 111, 114, 118, 120, 126, 133, 139, 142, 144, 241, 244, 248, 250, 271, 278, 284, 287, 289]
generic  , [1, 126, 271]
give  , [1, 10, 25, 120, 129, 135, 144, 147, 250, 274, 280, 289]
graphics  , [4, 120, 126, 144, 250, 271, 289]
gui  , [1, 120, 126, 144, 250, 271, 289]
guided  , [1]
gurion  , [1, 126, 256]
h11  , [4, 120, 144, 250, 289]
h8  , [4, 120, 144, 250, 289]
h89  , [4, 120, 144, 250, 289]
hardware  , [4, 19, 120, 142, 144, 250, 287, 289]
headed  , [1, 126, 256]
heath  , [4, 120, 144, 250, 289]
heathkit  , [4, 120, 144, 250, 289]
heathkits  , [4, 120, 144, 250, 289]
helpful  , [1]
high  , [1, 4, 10, 11, 14, 17, 19, 25, 81, 89, 111, 120, 126, 142, 144, 149, 153, 166, 168, 204, 206, 215, 250, 256, 263, 266, 269, 271, 287, 289]
highlights  , [1]
home  , [4, 10, 19, 25, 120, 140, 144, 250, 285, 289]
household  , [4, 120, 144, 250, 289]
ibm  , [1, 4, 10, 25, 120, 139, 142, 144, 250, 284, 287, 289]
ic  , [1, 4, 5, 6, 9, 10, 11, 13, 14, 15, 17, 18, 19, 25, 75, 79, 81, 83, 84, 86, 89, 91, 95, 97, 102, 104, 109, 111, 114, 115, 117, 118, 120, 122, 124, 126, 128, 129, 130, 132, 133, 135, 137, 139, 140, 142, 144, 147, 151, 153, 160, 162, 164, 171, 204, 206, 209, 211, 214, 215, 217, 241, 244, 248, 250, 256, 257, 258, 261, 262, 263, 265, 266, 267, 269, 270, 271, 273, 274, 278, 280, 282, 284, 285, 287, 289]
idea  , [1]
iec  , [1]
immediately  , [1]
impact  , [1, 79, 81, 83, 84, 126, 132, 208, 209, 217]
implement  , [1, 100, 126, 128, 129, 142, 271, 273, 274, 287]
implementable  , [1]
implementation  , [1, 126, 128, 129, 271, 273, 274]
implemented  , [1, 100, 142, 287]
implicit  , [1, 126, 271]
import  , [1, 4, 15, 79, 114, 126, 244, 267, 271]
important  , [1, 4, 15, 79, 114, 126, 244, 267, 271]
improve  , [1, 4, 126]
improved  , [1]
include  , [1, 4, 10, 19, 25, 79, 81, 83, 102, 115, 120, 126, 142, 144, 160, 209, 211, 250, 271, 287, 289]
included  , [1, 10, 25, 120, 126, 144, 250, 271, 289]
including  , [1, 4, 19, 97, 100, 111, 114, 118, 120, 126, 133, 144, 241, 244, 248, 250, 271, 278, 289]
incompatible  , [1]
increment  , [1, 100]
increments  , [1]
index  , [1]
indicate  , [1, 4]
indicated  , [1]
influence  , [1, 4, 120, 126, 144, 250, 271, 289]
influenced  , [1]
influences  , [1]
informally  , [1]
infrastructure  , [1, 4, 120, 144, 250, 289]
inheritance  , [1]
initial  , [1, 126, 135, 142, 147, 271, 280, 287]
initially  , [1, 126, 135, 271, 280]
inlining  , [1]
input  , [1, 4, 126]
intel  , [1, 4, 19, 120, 142, 144, 250, 287, 289]
intent  , [1]
inter  , [1, 4, 10, 17, 19, 25, 86, 104, 114, 117, 120, 126, 128, 129, 135, 142, 144, 164, 166, 211, 244, 250, 269, 271, 273, 274, 280, 287, 289]
international  , [1, 126, 128, 271, 273]
introduced  , [1, 4, 19, 120, 126, 144, 250, 271, 289]
iso  , [1, 10, 18, 25, 89, 120, 126, 144, 250, 270, 271, 289]
israel  , [1, 126, 128, 129, 256, 271, 273, 274]
january  , [1, 4, 120, 126, 144, 250, 271, 289]
java  , [1]
june  , [4, 120, 128, 142, 144, 250, 273, 287, 289]
kernel  , [1]
key  , [1, 4, 10, 19, 25, 91, 104, 120, 126, 142, 144, 250, 271, 287, 289]
kits  , [4, 120, 144, 250, 289]
labs  , [1, 142, 287]
language  , [1, 100, 120, 126, 144, 250, 271, 289]
languages  , [1, 126, 271]
large  , [1, 4, 6, 10, 25, 95, 115, 120, 122, 126, 128, 132, 140, 144, 149, 153, 204, 209, 250, 256, 258, 262, 271, 273, 285, 289]
late  , [1, 4, 5, 9, 10, 13, 18, 25, 84, 89, 114, 117, 120, 126, 129, 130, 140, 142, 144, 153, 160, 162, 164, 166, 244, 250, 257, 261, 265, 270, 271, 274, 275, 285, 287, 289]
latest  , [1]
lead  , [1, 4, 10, 25, 120, 122, 126, 144, 250, 271, 289]
leaders  , [1]
lean  , [1, 4, 13, 19, 126, 265, 271]
led  , [1, 4, 5, 10, 13, 15, 17, 19, 25, 81, 104, 120, 126, 128, 130, 142, 144, 206, 250, 257, 265, 267, 269, 271, 273, 275, 287, 289]
level  , [1, 81, 111, 124, 126, 142, 162, 204, 206, 211, 215, 217, 271, 287]
library  , [1, 100, 126, 271]
life  , [1, 4, 15, 120, 126, 144, 211, 213, 217, 250, 267, 271, 289]
lifetime  , [4, 120, 144, 211, 250, 289]
light  , [1, 25, 79, 97, 109, 120, 122, 124, 126, 130, 132, 149, 250, 271, 289]
limited  , [4, 10, 89, 120, 126, 135, 142, 144, 250, 262, 271, 280, 287, 289]
line  , [1, 4, 10, 114, 120, 135, 144]
llvm  , [1]
long  , [1, 10, 11, 13, 79, 95, 111, 114, 118, 120, 126, 132, 133, 142, 208, 209, 211, 241, 244, 248, 262, 263, 265, 271, 278, 287]
low  , [1, 4, 10, 11, 14, 17, 18, 19, 25, 83, 91, 104, 109, 111, 114, 118, 120, 126, 129, 130, 133, 135, 137, 144, 149, 160, 166, 168, 211, 217, 241, 244, 248, 250, 263, 266, 269, 270, 271, 274, 278, 280, 282, 289]
lower  , [1, 14, 91, 104, 130, 217, 266]
machines  , [4, 10, 25, 120, 126, 142, 144, 250, 271, 287, 289]
manipulation  , [1, 137, 282]
manual  , [1]
market  , [4, 120, 142, 144, 250, 287, 289]
marketed  , [4, 120, 144, 250, 289]
mascitti  , [1]
mass  , [4, 11, 14, 120, 137, 144, 250, 263, 266, 282, 289]
mcilroy  , [1]
measure  , [1, 83, 91, 130]
media  , [1, 4, 19, 86, 135, 166, 280]
member  , [1, 111, 112, 114, 116, 118, 126, 130, 133, 135, 241, 242, 244, 246, 248, 256, 271, 275, 278, 280]
members  , [1, 112, 116, 126, 130, 135, 242, 246, 256, 271, 275, 280]
memory  , [1, 4, 100, 114, 120, 126, 144, 244, 250, 271, 289]
micro  , [1, 4, 19, 115, 120, 140, 142, 144, 250, 285, 287, 289]
microsoft  , [1, 120, 142, 144, 250, 287, 289]
mid  , [1, 89, 91, 142, 287]
mind  , [1]
minor  , [1, 4, 18, 126, 142, 256, 270, 271, 287]
misuse  , [1]
ml  , [1, 126, 271]
mm  , [1, 4, 19, 25, 79, 81, 83, 86, 100, 120, 204, 206, 209, 241, 244, 248, 250, 256, 271, 278, 280, 282, 287, 289]
model  , [4, 10, 25, 120, 126, 130, 142, 144, 147, 156, 160, 162, 164, 166, 168, 171, 250, 271, 287, 289]
modern  , [1, 4, 10, 89, 120, 144, 171, 250, 262, 289]
months  , [4, 120, 144, 250, 289]
mos  , [1, 4, 5, 9, 10, 11, 17, 19, 79, 83, 91, 95, 104, 109, 111, 120, 126, 130, 135, 142, 144, 149, 151, 153, 160, 164, 206, 211, 215, 217, 250, 256, 257, 261, 262, 263, 269, 271, 280, 287, 289]
motivation  , [1]
ms  , [1, 4, 10, 14, 19, 25, 81, 86, 114, 120, 126, 135, 142, 144, 151, 209, 214, 215, 217, 244, 250, 266, 271, 280, 287, 289]
multiple  , [1, 4, 19, 87, 126, 142, 271, 287]
named  , [1, 4, 100, 120, 144, 250, 289]
names  , [1, 100, 126, 271]
namespace  , [1, 126, 271]
namespaces  , [1]
naming  , [1]
nation  , [1, 4, 5, 13, 81, 162, 166, 241, 242, 244, 246, 248, 250, 256, 257, 265, 271, 273, 275, 278, 287, 289]
national  , [1, 4, 111, 114, 118, 126, 128, 133, 162, 241, 244, 248, 256, 271, 273, 278]
nature  , [1, 213]
negative  , [1, 147]
negatively  , [1]
numerous  , [1, 137, 282]
object  , [1, 126, 271]
obtain  , [4, 5, 120, 144, 250, 257, 289]
obvious  , [1, 126, 271]
october  , [1, 126, 271]
official  , [1, 111, 114, 118, 126, 128, 133, 241, 244, 248, 271, 273, 278]
officially  , [1, 111, 114, 118, 126, 133, 241, 244, 248, 271, 278]
operator  , [1, 100, 126, 271]
oracle  , [1]
order  , [4, 14, 19, 120, 126, 129, 144, 250, 256, 266, 271, 274, 289]
ordered  , [4, 120, 144, 250, 289]
organising  , [1]
organization  , [1, 81, 126, 271]
oriented  , [1, 126, 271]
originated  , [1]
oslo  , [1, 126, 128, 129, 271, 273, 274]
output  , [1, 126, 142]
overloading  , [1]
owing  , [1, 4, 10, 25, 111, 114, 118, 120, 126, 129, 133, 142, 144, 153, 215, 241, 244, 248, 250, 271, 274, 278, 287, 289]
part  , [1, 4, 19, 84, 117, 120, 126, 128, 132, 144, 217, 250, 271, 273, 289]
parts  , [1, 4, 19, 120, 126, 128, 144, 250, 271, 273, 289]
perform  , [1, 4, 10, 19, 25, 111, 114, 118, 120, 126, 133, 144, 241, 244, 248, 250, 271, 278, 289]
performance  , [1, 4, 10, 19, 25, 120, 126, 144, 250, 271, 289]
period  , [1, 6, 18, 89, 95, 171, 209, 211, 258, 270]
personal  , [4, 19, 114, 120, 135, 139, 140, 142, 144, 244, 250, 280, 284, 285, 287, 289]
phd  , [1]
philosoph  , [1, 126, 271]
pi  , [1, 4, 6, 10, 11, 13, 14, 17, 18, 19, 25, 79, 81, 89, 91, 100, 109, 111, 114, 117, 118, 120, 124, 126, 130, 133, 137, 142, 144, 162, 171, 208, 209, 215, 241, 244, 248, 250, 256, 258, 262, 263, 265, 266, 269, 270, 271, 278, 282, 287, 289]
pick  , [1]
pipes  , [1]
plan  , [1, 10, 25, 83, 91, 95, 120, 126, 129, 130, 144, 147, 149, 153, 217, 250, 256, 271, 274, 275, 289]
planned  , [1]
platforms  , [1, 135, 280]
plo  , [1, 111, 114, 118, 126, 128, 129, 132, 133, 241, 244, 248, 271, 273, 274, 278]
popular  , [1, 4, 19, 86, 120, 126, 142, 144, 250, 271, 287, 289]
popularity  , [1, 142, 287]
portable  , [1, 10, 25, 120, 126, 144, 250, 271, 289]
ported  , [1, 126, 142, 271, 287]
possible  , [1, 126, 142, 271, 287]
practical  , [1, 4, 19, 142, 287]
pre  , [1, 4, 5, 9, 10, 14, 18, 19, 79, 83, 87, 89, 91, 95, 100, 111, 114, 118, 120, 124, 126, 128, 132, 133, 137, 142, 144, 160, 162, 164, 241, 244, 248, 250, 257, 261, 262, 266, 270, 271, 273, 278, 282, 287, 289]
predecessor  , [1]
preventing  , [1, 91]
previously  , [1]
principles  , [1]
prize  , [1]
probes  , [1]
problem  , [1, 120, 144, 250, 289]
problems  , [1]
processor  , [4, 10, 19, 25, 120, 142, 144, 250, 287, 289]
produced  , [4, 120, 144, 250, 289]
productivity  , [4, 120, 144, 215, 250, 289]
program  , [1, 4, 19, 100, 120, 126, 142, 144, 250, 271, 287, 289]
programmer  , [1, 126, 271]
programmers  , [1]
programming  , [1, 4, 19, 100, 120, 126, 142, 144, 250, 271, 287, 289]
programs  , [1, 142, 287]
pronounced  , [1]
proposed  , [1, 126, 256]
protected  , [1]
provide  , [1, 4, 89, 114, 115, 120, 126, 142, 144, 244, 250, 271, 287, 289]
provided  , [1, 4, 120, 126, 142, 144, 250, 271, 287, 289]
providing  , [1, 4, 19, 100]
published  , [1, 162]
purchase  , [4, 19, 120, 144, 250, 289]
purchased  , [4, 19, 120, 144, 250, 289]
purpose  , [1, 111, 114, 118, 126, 133, 140, 142, 241, 244, 248, 271, 278, 285, 287]
python  , [1, 126, 271]
question  , [1, 126, 271]
questioned  , [1]
radio  , [4, 120, 144, 250, 289]
ram  , [1, 4, 19, 100, 114, 120, 126, 140, 142, 144, 244, 250, 271, 285, 287, 289]
rama , [1, 2, 6, 9, 10, 12, 13, 45]
range  , [4, 19, 91, 120, 126, 144, 164, 171, 217, 250, 271, 289]
ranked  , [1, 135, 280]
rate  , [1, 4, 5, 17, 18, 19, 25, 83, 89, 91, 95, 97, 109, 126, 153, 162, 171, 217, 244, 250, 256, 257, 269, 270, 271, 285, 287, 289]
ratified  , [1, 126, 271]
rca  , [1, 142, 287]
ready  , [4, 81, 120, 129, 142, 144, 250, 274, 287, 289]
real  , [1, 162]
reason  , [1, 14, 126, 147, 266, 271]
refer  , [1, 4, 19, 84, 86, 100, 111, 114, 118, 120, 126, 133, 144, 241, 244, 248, 250, 271, 278, 289]
reference  , [1, 100, 126, 271]
references  , [1]
referred  , [1, 4, 19, 120, 126, 144, 250, 271, 289]
relative  , [1, 4, 10, 19, 25, 120, 144, 250, 289]
relatively  , [1, 10, 25, 120, 144, 250, 289]
release  , [1, 4, 100, 115, 120, 124, 126, 144, 151, 153, 168, 250, 271, 289]
released  , [1, 4, 100, 115, 120, 126, 144, 250, 271, 289]
remembering  , [1]
request  , [1, 120, 144, 250, 289]
requested  , [1]
research  , [4, 120, 142, 144, 250, 287, 289]
resource  , [1, 126, 168, 271]
respect  , [1, 111]
retail  , [4, 120, 144, 250, 289]
revealed  , [4, 120, 144, 250, 289]
rick  , [1]
rough  , [1, 4, 5, 9, 10, 14, 25, 81, 83, 86, 100, 109, 120, 126, 142, 144, 153, 171, 209, 215, 250, 257, 261, 266, 271, 287, 289]
run  , [4, 19, 120, 126, 142, 144, 250, 271, 287, 289]
safe  , [1]
schedule  , [1]
scientist  , [1, 84, 86]
search  , [1, 4, 120, 142, 144, 250, 287, 289]
separate  , [1, 4, 19, 126, 271]
separately  , [1]
september  , [1, 126, 271]
servers  , [1, 4, 19]
set  , [1, 4, 9, 10, 11, 13, 14, 15, 17, 19, 25, 87, 89, 114, 120, 126, 130, 135, 144, 164, 206, 244, 250, 261, 263, 265, 266, 267, 269, 271, 275, 280, 289]
shack  , [4, 120, 144, 250, 289]
shipped  , [4, 120, 144, 250, 289]
side  , [1, 4, 6, 10, 13, 19, 25, 120, 126, 144, 250, 258, 265, 271, 289]
sign  , [1, 4, 19, 111, 114, 117, 118, 120, 126, 128, 132, 133, 142, 144, 241, 244, 248, 250, 271, 273, 278, 287, 289]
signed  , [1, 4, 19, 120, 126, 128, 144, 250, 271, 273, 289]
significant  , [1, 4, 117, 120, 126, 142, 144, 250, 271, 287, 289]
significantly  , [1, 142, 287]
signifies  , [1, 126, 271]
similar  , [1, 4, 10, 19, 25, 120, 130, 144, 250, 275, 289]
simula  , [1, 162, 164]
sinclair  , [4, 120, 144, 250, 289]
single  , [1, 4, 120, 126, 142, 144]
slashes  , [1]
slow  , [1, 109, 211, 217]
slowly  , [1, 217]
software  , [1, 4, 19, 120, 126, 142, 144, 250, 271, 287, 289]
sold  , [4, 120, 142, 144, 250, 287, 289]
source  , [1, 83, 114, 126, 130, 142, 149, 168, 271, 287]
space  , [1, 4, 19, 79, 91, 109, 126, 129, 147, 149, 271, 274]
spaces  , [1, 126, 271]
specify  , [1, 126, 271]
spirit  , [1]
st  , [1, 4, 5, 6, 9, 10, 11, 13, 14, 15, 17, 18, 19, 25, 75, 79, 81, 83, 84, 86, 87, 89, 91, 95, 97, 100, 102, 104, 109, 111, 112, 114, 115, 116, 117, 118, 120, 122, 124, 126, 128, 129, 130, 132, 133, 135, 137, 139, 140, 142, 144, 147, 149, 151, 153, 160, 162, 166, 168, 171, 204, 206, 209, 211, 214, 215, 217, 241, 242, 244, 246, 248, 250, 256, 257, 258, 261, 262, 263, 265, 266, 267, 269, 270, 271, 273, 274, 275, 278, 280, 282, 284, 285, 287, 289]
standalone  , [1]
standard  , [1, 4, 10, 19, 25, 120, 126, 144, 250, 271, 289]
standardization  , [1, 4, 120, 144, 250, 289]
standardized  , [1]
standardizing  , [1]
standards  , [1]
star  , [1, 4, 97, 120, 142, 144, 250, 287, 289]
stark  , [1]
start  , [1, 4, 97, 250, 287, 289]
started  , [1]
starting  , [4, 120, 142, 144, 250, 287, 289]
state  , [1, 4, 5, 6, 10, 11, 17, 111, 112, 114, 116, 118, 126, 130, 133, 162, 241, 242, 244, 246, 248, 256, 257, 258, 262, 263, 269, 271, 275, 278]
static  , [1, 126, 271]
store  , [1]
stream  , [1]
strength  , [1, 160]
strengths  , [1]
strong  , [1, 84, 132]
stroustrup  , [1, 100]
structure  , [1, 4, 120, 126, 144, 250, 271, 289]
style  , [1, 4, 10, 15, 19, 25, 100, 120, 126, 144, 250, 267, 271, 289]
success  , [1, 4, 14, 18, 81, 250, 266, 270, 271, 289]
successfully  , [4, 120, 144, 250, 289]
successor  , [1, 126, 271]
suggested  , [1]
suit  , [1, 10, 25, 120, 144, 250, 289]
suitable  , [1]
supersedes  , [1]
support  , [1, 4, 126, 142, 271, 287]
supported  , [1, 126, 142, 271, 287]
switches  , [1, 142, 287]
system  , [1, 4, 10, 19, 25, 79, 86, 87, 95, 102, 111, 114, 118, 120, 126, 130, 133, 142, 144, 147, 151, 160, 209, 214, 215, 217, 241, 244, 248, 250, 271, 278, 287, 289]
systems  , [1, 4, 10, 19, 25, 114, 120, 142, 144, 151, 209, 214, 215, 217, 244, 250, 287, 289]
tables  , [1, 4, 120, 144, 250, 289]
tall  , [4, 120, 126, 128, 142, 144, 250, 271, 273, 287, 289]
tandy  , [4, 120, 144, 250, 289]
telephone  , [1, 10, 25, 120, 144, 250, 289]
television  , [4, 19, 120, 144, 250, 289]
templates  , [1]
ten  , [1, 4, 13, 15, 19, 25, 81, 84, 91, 104, 149, 153, 171, 204, 206, 215, 241, 244, 248, 250, 265, 267, 271, 278, 280, 282, 284, 285, 287, 289]
test , [5, 6, 7, 8, 9]
text  , [1, 4, 10, 25, 120, 126, 135, 142, 144, 250, 271, 280, 287, 289]
thesis  , [1, 117]
time  , [1, 4, 5, 10, 25, 86, 89, 109, 111, 114, 117, 118, 120, 126, 133, 135, 140, 142, 144, 204, 209, 211, 241, 244, 248, 250, 256, 257, 262, 271, 278, 280, 285, 287, 289]
tiobe  , [1]
tongue  , [1]
top  , [1, 4, 10, 12, 19, 25, 27, 120, 126, 130, 144, 153, 250, 271, 275, 289]
trained  , [1, 142, 287]
tribute  , [1, 81, 97, 117, 120, 124, 126, 142, 215, 271, 287]
trinity  , [4, 120, 144, 250, 289]
trs  , [4, 10, 25, 120, 144, 250, 289]
type  , [1, 4, 10, 25, 83, 100, 120, 126, 144, 250, 271, 289]
types  , [1, 4, 83]
typically  , [4, 19, 120, 124, 126, 142, 144, 250, 271, 287, 289]
typing  , [1, 10, 25, 120, 126, 144, 250, 271, 289]
uk  , [4, 120, 144, 250, 289]
units  , [4, 120, 142, 144, 250, 287, 289]
unix  , [1, 100, 142, 287]
unknown  , [1]
unused  , [1]
update  , [1]
updated  , [1]
user  , [1, 4, 10, 25, 120, 126, 135, 137, 138, 140, 142, 144, 250, 271, 280, 282, 283, 285, 287, 289]
value  , [1, 126, 271]
variable  , [1, 126, 271]
vendors  , [1]
version  , [1, 126, 271]
video  , [1, 4, 10, 19, 25, 120, 142, 144, 250, 287, 289]
violations  , [1]
virtual  , [1]
vision  , [1, 4, 10, 19, 25, 120, 126, 129, 144, 250, 271, 274, 289]
wanted  , [1, 120, 144, 250, 289]
web  , [1, 4, 19, 120, 126, 135, 144, 217, 250, 271, 280, 289]
wide  , [1, 4, 83, 91, 120, 126, 135, 142, 144, 164, 217, 250, 271, 280, 287, 289]
widely  , [1, 120, 144, 164, 250, 289]
wider  , [4, 120, 144, 250, 289]
winner  , [1]
work  , [1, 4, 19, 114, 120, 126, 135, 142, 144, 244, 250, 271, 280, 287, 289]
working  , [1, 4, 19, 120, 126, 135, 144, 250, 271, 280, 289]
world  , [1, 4, 6, 81, 95, 97, 117, 120, 135, 144, 250, 256, 258, 280, 289]
x  , [1, 4, 5, 10, 11, 13, 14, 18, 19, 25, 79, 81, 89, 91, 95, 100, 102, 104, 109, 111, 114, 115, 117, 118, 120, 126, 128, 129, 130, 132, 133, 135, 137, 140, 142, 144, 151, 153, 162, 166, 168, 171, 204, 206, 209, 215, 217, 241, 244, 248, 250, 256, 257, 262, 263, 265, 266, 270, 271, 273, 274, 275, 278, 280, 282, 285, 287, 289]
year  , [1, 4, 5, 18, 102, 111, 120, 132, 135, 144, 168, 204, 206, 211, 250, 257, 270, 280, 289]
zx  , [4, 19, 120, 144, 250, 289]
